{
  "supplier_name" : "ram-supplier9772",
  "supplier_number" : 9772,
  "tax_org_type" : "Corporation",
  "supplier_type" : "Suppl",
  "business_relation" : "PROSPECTIVE",
  "fault_details" : {
    "errorCode" : "CASDK-0033",
    "reason" : "Received a SOAPFault while invoking https://fa-etat-saasfademo1.ds-fa.oraclepdemos.com:443/fscmService/SupplierServiceV2 due to \"<Supplier WebServiceOperation=\"createSupplier\" Supplier=\"ram-supplier9772\" SupplierNumber=\"9772\" SupplierId=\"\">\n   <Rejection SupplierType=\"Suppl\">You must provide a valid value.</Rejection>\n</Supplier>\"",
    "details" : "CASDK-0033: Received a SOAP fault while invoking endpoint target: https://fa-etat-saasfademo1.ds-fa.oraclepdemos.com:443/fscmService/SupplierServiceV2. This indicates a processing exception on the service endpoint side. Please check service side logs to further diagnose the problem  \nFault Code : env:Server\nFault String : <Supplier WebServiceOperation=\"createSupplier\" Supplier=\"ram-supplier9772\" SupplierNumber=\"9772\" SupplierId=\"\">\n   <Rejection SupplierType=\"Suppl\">You must provide a valid value.</Rejection>\n</Supplier>\nFault Details : \n<tns:ServiceErrorMessage xmlns:tns=\"http://xmlns.oracle.com/adf/svc/errors/\" xmlns:xsi=\"http://www.w3.org/2001/XMLSchema-instance\">\n   <tns:code/>\n   <tns:message>&lt;Supplier WebServiceOperation=\"createSupplier\" Supplier=\"ram-supplier9772\" SupplierNumber=\"9772\" SupplierId=\"\">\n   &lt;Rejection SupplierType=\"Suppl\">You must provide a valid value.&lt;/Rejection>\n&lt;/Supplier></tns:message>\n   <tns:severity>SEVERITY_ERROR</tns:severity>\n   <ns2:sdoObject xmlns:ns0=\"http://xmlns.oracle.com/adf/svc/types/\" xmlns:ns5=\"http://xmlns.oracle.com/apps/flex/prc/poz/suppliers/supplierServiceV2/supplier/\" xmlns:ns1=\"http://xmlns.oracle.com/apps/prc/poz/suppliers/supplierServiceV2/\" xmlns:xsi=\"http://www.w3.org/2001/XMLSchema-instance\" xmlns:ns2=\"http://xmlns.oracle.com/adf/svc/errors/\" xsi:type=\"ns1:Supplier\">\n      <ns1:Supplier>ram-supplier9772</ns1:Supplier>\n      <ns1:SupplierNumber>9772</ns1:SupplierNumber>\n      <ns1:TaxOrganizationType>Corporation</ns1:TaxOrganizationType>\n      <ns1:SupplierType>Suppl</ns1:SupplierType>\n      <ns1:BusinessRelationship>PROSPECTIVE</ns1:BusinessRelationship>\n   </ns2:sdoObject>\n   <tns:exceptionClassName>oracle.jbo.ValidationException</tns:exceptionClassName>\n</tns:ServiceErrorMessage>\n "
  },
  "instanceId" : "1WOlCgj9Ee-CxfUHIUwURA"
}