<?xml version="1.0" encoding="utf-8"?>
<!-- Created with Liquid Technologies Online Tools 1.0 (https://www.liquid-technologies.com) -->
<Employee xmlns="https://www.iqstreamtech.com/trg/empcust" xsi:schemaLocation="https://www.iqstreamtech.com/trg/empcust schema.xsd" xmlns:xsi="http://www.w3.org/2001/XMLSchema-instance">
  <Name>string</Name>
  <ID>-1665</ID>
  <Experience>2092</Experience>
  <Age>2557</Age>
  <Salary>5075600000000.24</Salary>
  <Bonus>-334</Bonus>
  <Address>
    <dno>string</dno>
    <street>string</street>
    <state>string</state>
    <country>string</country>
  </Address>
</Employee>