{
	
	"deptList":
	[
		{
			"deptId":200,
			"deptName":"dept1",
			
			"empList":
			
			[
				{
					"employeeId" : 200,
					"firstName" : "David",
					"lastName" : "ABC",
					"email" : "abc@abc.com",
					"phoneNumber" : "123456",
					"jobId" : "AD_VP",
					"managerId" : 200,
					"departmentId" : "300"
				}, 
				
				{
					"employeeId" : 300,
					"firstName" : "David",
					"lastName" : "ABC",
					"email" : "abc@abc.com",
					"phoneNumber" : "123456",
					"jobId" : "AD_VP",
					"managerId" : 200,
					"departmentId" : "300"
				}
				
			
			]
		},
		
		{
			"deptId":300,
			"deptName":"dept2",
			
			"empList":
			
			[
				{
					"employeeId" : 400,
					"firstName" : "David",
					"lastName" : "ABC",
					"email" : "abc@abc.com",
					"phoneNumber" : "123456",
					"jobId" : "AD_VP",
					"managerId" : 200,
					"departmentId" : "300"
				}, 
				
				{
					"employeeId" : 500,
					"firstName" : "David",
					"lastName" : "ABC",
					"email" : "abc@abc.com",
					"phoneNumber" : "123456",
					"jobId" : "AD_VP",
					"managerId" : 200,
					"departmentId" : "300"
				}
				
			
			]
		}
	]
	
}