{
   "Order_id": "100",
   "Customer": {
      "Id": "1234",
      "Name": "David"
   },
   "Items": [
      {
         "Id": "1001",
         "Name": "Nokia Lumia1",
         "Price": "6000"
      },
      {
         "Id": "1002",
         "Name": "Samsung Note",
         "Price": "10000"
      },
      {
         "Id": "1003",
         "Name": "Lenovo 766",
         "Price": "11000"
      },
      {
         "Id": "1004",
         "Name": "iPhone 6",
         "Price": "18000"
      }
   ]
}