{
   "POHeaderId": 2055,
   "OrderNumber": "55269",
   "SoldToLegalEntityId": 300000047483117,
   "SoldToLegalEntity": "UK Legal Entity",
   "CreationDate": "2014-11-11T06:49:59+00:00",
   "StatusCode": "CLOSED",
   "Status": "Closed",
   "ProcurementBUId": 300000047498175,
   "ProcurementBU": "UK Business Unit",
   "RequisitioningBUId": 300000047498175,
   "RequisitioningBU": "UK Business Unit",
   "BillToBUId": 300000047498175,
   "BillToBU": "UK Business Unit",
   "Revision": 0,
   "BuyerId": 300000047761160,
   "Buyer": "Morgan, Liz",
   "SupplierId": 300000047837151,
   "Supplier": "EDF",
   "SupplierSiteId": 300000047837190,
   "SupplierSite": "EDF UK",
   "SupplierContactId": 300000047837209,
   "SupplierContact": "Russ, Gerry",
   "BillToLocationId": 300000047597150,
   "BillToLocation": "London",
   "ConversionRateType": null,
   "Ordered": 39641,
   "CurrencyCode": "GBP",
   "Currency": "Pound Sterling",
   "TotalTax": 7928.2,
   "Total": 47569.2,
   "Description": "Cafeteria Subsidies",
   "RequiredAcknowledgmentCode": "N",
   "RequiredAcknowledgment": "None",
   "SupplierOrder": null,
   "ReferenceNumber": null,
   "AcknowledgmentDueDate": null,
   "PaymentTermsId": 10014,
   "PaymentTerms": "2/10 Net 30",
   "CarrierId": 300000047303443,
   "Carrier": "UPS",
   "ModeOfTransportCode": null,
   "ModeOfTransport": null,
   "ServiceLevelCode": null,
   "ServiceLevel": null,
   "ShippingMethod": "UPS",
   "FreightTermsCode": "BUYER",
   "FreightTerms": "Buyer pays freight",
   "FOBCode": "Dest",
   "FOB": "Destination",
   "RequiresSignatureFlag": false,
   "AcknowledgeWithinDays": null,
   "BuyerManagedTransportFlag": false,
   "PayOnReceiptFlag": true,
   "ConfirmingOrderFlag": false,
   "NoteToSupplier": null,
   "NoteToReceiver": null,
   "links":    [
            {
         "rel": "self",
         "href": "https://ucf5-zksm-fa-ext.oracledemos.com:443/fscmRestApi/resources/11.13.18.05/purchaseOrders/2055",
         "name": "purchaseOrders",
         "kind": "item"
      },
            {
         "rel": "canonical",
         "href": "https://ucf5-zksm-fa-ext.oracledemos.com:443/fscmRestApi/resources/11.13.18.05/purchaseOrders/2055",
         "name": "purchaseOrders",
         "kind": "item"
      },
            {
         "rel": "child",
         "href": "https://ucf5-zksm-fa-ext.oracledemos.com:443/fscmRestApi/resources/11.13.18.05/purchaseOrders/2055/child/lines",
         "name": "lines",
         "kind": "collection"
      }
   ]
}