{
	"oicInstanceId":"instanceId",
	"suppliers":
	[
	   {
		  "supplier_name": "BkDemo Supplier 4000",
		  "supplier_number": 4000,
		  "tax_org_type": "Corporation",
		  "supplier_type": "Supplier",
		  "business_relation": "PROSPECTIVE",
		  "fault_etails":
		  {
			"errorCode":"code",
			"reason":"reasondetails",
			"details":"moredetails"
		  }
	   },
	   {
		  "supplier_name": "BkDemo Supplier 4001",
		  "supplier_number": 4001,
		  "tax_org_type": "Corp",
		  "supplier_type": "Supplier",
		  "business_relation": "PROSPECTIVE",
		  "fault_etails":
		  {
			"errorCode":"code",
			"reason":"reasondetails",
			"details":"moredetails"
		  }
	   }
	   
	]
}