{
   "items":    [
            {
         "SupplierId": 300000047414503,
         "SupplierPartyId": 300000047414501,
         "Supplier": "Lee Supplies",
         "SupplierNumber": "1252",
         "TaxOrganizationTypeCode": "CORPORATION",
         "TaxOrganizationType": "Corporation",
         "SupplierTypeCode": null,
         "SupplierType": null,
         "Status": "ACTIVE",
         "BusinessRelationshipCode": "SPEND_AUTHORIZED",
         "BusinessRelationship": "Spend Authorized",
         "CreationDate": "2013-11-07T20:14:36.428+00:00"
		 },
		 {
         "SupplierId": 300000047414501,
         "SupplierPartyId": 300000047414501,
         "Supplier": "Lee Supplies11",
         "SupplierNumber": "1253",
         "TaxOrganizationTypeCode": "CORPORATION",
         "TaxOrganizationType": "Corporation",
         "SupplierTypeCode": null,
         "SupplierType": null,
         "Status": "ACTIVE",
         "BusinessRelationshipCode": "SPEND_AUTHORIZED",
         "BusinessRelationship": "Spend Authorized",
         "CreationDate": "2013-11-07T20:14:36.428+00:00"
		 }
		 ]
		 
 
}