{
         "SupplierId": 300000047414503,
         "SupplierPartyId": 300000047414501,
         "Supplier": "Lee Supplies",
         "SupplierNumber": "1252",
         "AlternateName": null,
         "TaxOrganizationTypeCode": "CORPORATION",
         "TaxOrganizationType": "Corporation",
         "SupplierTypeCode": null,
         "SupplierType": null,
         "InactiveDate": null,
         "Status": "ACTIVE",
         "BusinessRelationshipCode": "SPEND_AUTHORIZED",
         "BusinessRelationship": "Spend Authorized",
         "ParentSupplierId": null,
         "ParentSupplier": null,
         "ParentSupplierNumber": null,
         "CreationDate": "2013-11-07T20:14:36.428+00:00",
         "CreationSourceCode": "MANUAL",
         "CreationSource": "Manual",
         "Alias": null,
         "DUNSNumber": "333222111",
         "OneTimeSupplierFlag": null,
         "RegistryId": "2052",
         "CustomerNumber": null,
         "StandardIndustryClass": null,
         "NationalInsuranceNumber": null,
         "NationalInsuranceNumberExistsFlag": false,
         "CorporateWebsite": null,
         "YearEstablished": 1987,
         "MissionStatement": null,
         "YearIncorporated": null,
         "ChiefExecutiveTitle": null,
         "ChiefExecutiveName": null,
         "PrincipalTitle": null,
         "PrincipalName": null,
         "FiscalYearEndMonthCode": "12",
         "FiscalYearEndMonth": "December",
         "CurrentFiscalYearPotentialRevenue": 500000000,
         "PreferredFunctionalCurrencyCode": null,
         "PreferredFunctionalCurrency": null,
         "TaxRegistrationCountryCode": null,
         "TaxRegistrationCountry": null,
         "TaxRegistrationNumber": null,
         "TaxpayerCountryCode": "US",
         "TaxpayerCountry": "United States",
         "TaxpayerId": "42-8118588",
         "TaxpayerIdExistsFlag": true,
         "FederalReportableFlag": true,
         "FederalIncomeTaxTypeCode": "MISC3",
         "FederalIncomeTaxType": "Other Income",
         "StateReportableFlag": true,
         "TaxReportingName": null,
         "NameControl": null,
         "VerificationDate": null,
         "UseWithholdingTaxFlag": true,
         "WithholdingTaxGroupId": 100000310223022,
         "WithholdingTaxGroup": "1099-PRG-10-PCT",
         "BusinessClassificationNotApplicableFlag": null
}