fault 
	errocode 409
	reason Credit card number nout found
	details 
	


<soap-env:Fault xmlns:soap-env="http://schemas.xmlsoap.org/soap/envelope/">
         <faultcode xmlns:soap="http://schemas.xmlsoap.org/soap/envelope/">soap:Server</faultcode>
         <faultstring>ICS runtime execution error</faultstring>
         <detail>
            <reason>
			<![CDATA[faultName: {{http://schemas.oracle.com/bpel/extension}remoteFault}
			messageType: {{http://www.oracle.com/2014/03/ics/fault}faultMessage}
			parts: {{
			parameters=<fault xmlns="http://www.oracle.com/2014/03/ics/fault">
			<errorCode>409</errorCode><reason>Credit card number not found</reason><details>Credit card number not found with this input</details></fault>}]]>
			</reason>
            <operation>validate</operation>
            <request_payload/>
         </detail>
      </soap-env:Fault>
	  
<soap-env:Fault xmlns:soap-env="http://schemas.xmlsoap.org/soap/envelope/">
         <faultcode xmlns:soap="http://schemas.xmlsoap.org/soap/envelope/">soap:Server</faultcode>
         <faultstring>ICS runtime execution error</faultstring>
         <detail>
            <reason>Exception occurred while reading remote WSDL. WSDLException: faultCode=OTHER_ERROR: Failed to read WSDL from https://roic1-bmksvnc6jabk-bo.integration.ocp.oraclecloud.com/ic/ws/integration/v1/flows/soap/BK_VALIDATE_SOAP_FAULT/1.0/?wsdl: HTTP connection error code is 503
:Application Error</reason>
            <operation>validate</operation>
         </detail>
      </soap-env:Fault>


business fault
	multiple business faults
	
system fault
	
unknown fault

<errorCode>invalid-401</errorCode>


{
  "type" : "http://www.w3.org/Protocols/rfc2616/rfc2616-sec10.html#sec10.5.1",
  "title" : "Internal Server Error",
  "detail" : "Internal server error. Please contact oracle support for details.",
  "o:errorCode" : "500",
  "o:errorDetails" : [ {
    "type" : "UnMappedFault:execute",
    "instance" : "<![CDATA[Please inspect the logs for more details. Initiating Request: <request_payload/>\n]]>",
    "title" : "faultName: {{http://schemas.oracle.com/bpel/extension}remoteFault}\nmessageType: {{http://www.oracle.com/2014/03/ics/fault}faultMessage}\nparts: {{\nparameters=<fault xmlns=\"http://www.oracle.com/2014/03/ics/fault\">\n<errorCode>104</errorCode><reason>error from fusion service</reason><details>fusion service seems has some errors</details></fault>}\n",
    "o:errorPath" : "NA",
    "o:errorCode" : "NA"
  } ]
}


{
  "type" : "http://www.w3.org/Protocols/rfc2616/rfc2616-sec10.html#sec10.5.1",
  "title" : "Internal Server Error",
  "detail" : "Internal server error. Please contact oracle support for details.",
  "o:errorCode" : "500",
  "o:errorDetails" : [ {
    "type" : "UnMappedFault:execute",
    "instance" : "NA",
    "title" : "Fault Details : \n<nsmpr0:APIInvocationError xmlns:nsmpr0=\"http://xmlns.oracle.com/cloud/generic/rest/fault/REST/get_supplier\"><nsmpr0:type/><nsmpr0:title/><nsmpr0:detail/><nsmpr0:errorCode/><nsmpr0:errorDetails><nsmpr0:type>http://www.w3.org/Protocols/rfc2616/rfc2616-sec10.html#sec10.4.2</nsmpr0:type><nsmpr0:title>Unauthorized</nsmpr0:title><nsmpr0:errorCode>401</nsmpr0:errorCode><nsmpr0:errorPath>&lt;![CDATA[GET https://ucf3-zomc-fa-ext.oracledemos.com/fscmRestApi/resources/latest/suppliers/3456789 returned a response status of 401 Unauthorized]]&gt;</nsmpr0:errorPath><nsmpr0:instance>&lt;![CDATA[.The 401 error message is usually returned by services that requires user credentials. So if you have got this error then it pobably means you entered an invalid username or password. It may also be that one of the intermediaries (proxy, LBR) could be returning this code. Please note, test connection doesn't validate the credentials and even if it is successful, it may not be sufficient. As the parameters defined within the connection page are used to call the target endpoint REST API, which is configured as part of endpoint configuration, it is strongly recommended that the endpoint configuration that uses this connection is tested. Re-check or re-configure the connection with the correct set of credentials. Test connection is only used to validate the parameters defined within the connection page. 1) This includes REST API definition - we try to retrieve the API Definition to unde:Application Error",
    "o:errorPath" : "NA",
    "o:errorCode" : "NA"
  } ]
}


bk-validate-cc-jul20-intg
BK_VALIDA_CC_JUL20_INTG

