<?xml version="1.0" encoding="UTF-8"?>
<customer>
   <firstName>John</firstName>
   <lastName>Smith</lastName>
   <age>25</age>
   <address>
      <city>New York</city>
      <postalCode>10021</postalCode>
      <state>NY</state>
      <streetAddress>21 2nd Street</streetAddress>
   </address>
    <phoneNumbers>
      <phone>
	     <type>home</type>
		 <number></number>
		  <number/>
	  </phone>
      <phone>
         <type>office</type>	  
         <number>646 555-4567</number>
      </phone>
   </phoneNumbers>
</customer>