<?xml version="1.0" encoding="UTF-8" ?><nsmpr2:EmployeeDetails xmlns:nsmpr2="http://www.example.org/emp"><nsmpr2:employeeId>300</nsmpr2:employeeId><nsmpr2:firstName>David</nsmpr2:firstName><nsmpr2:lastName>David</nsmpr2:lastName><nsmpr2:email>abc@abc.com</nsmpr2:email><nsmpr2:phoneNumber>123456</nsmpr2:phoneNumber><nsmpr2:jobId>AD_VP</nsmpr2:jobId><nsmpr2:salary>100</nsmpr2:salary><nsmpr2:commissionPct>1.0</nsmpr2:commissionPct><nsmpr2:managerId>200</nsmpr2:managerId><nsmpr2:departmentId>300</nsmpr2:departmentId></nsmpr2:EmployeeDetails>