<OrderList>
	<PurchaseOrder>
		<CustID>300</CustID>
		<ID>300</ID>
		<productName>Lenovo</productName>
		<itemType>Mobile</itemType>
		<price>600</price>
		<quantity>1</quantity>
		<status>init</status>
		<ccType>visa</ccType>
		<ccNumber>4234-1234-1234-1234</ccNumber>
	</PurchaseOrder>
	</PurchaseOrder>
	<PurchaseOrder>
		<CustID>40</CustID>
		<ID>300</ID>
		<productName>Lenovo</productName>
		<itemType>Mobile</itemType>
		<price>600</price>
		<quantity>1</quantity>
		<status>init</status>
		<ccType>visa</ccType>
		<ccNumber>4234-1234-1234-1234</ccNumber>
	</PurchaseOrder>
</OrderList>