<Order>
  <Order_id>100</Order_id>
  <Items>
    <Item>
      <Id>1001</Id>
      <Name>Nokia Lumia1</Name>
      <Price>6000</Price>
    </Item>
    <Item>
      <Id>1002</Id>
		 <!--Name is not available here-->
      <Name/>
      <Price>10000</Price>
    </Item>
    <Item>
      <Id>1003</Id>
      <Name>Lenovo 766</Name>
      <Price>11000</Price>
    </Item>
    <Item>
      <Id>1004</Id>
      <Name></Name>
	  <Price/>
    </Item>
  </Items>
  <Customer>
    <Id>1234</Id>
    <Name>David</Name>
  </Customer>
</Order>