<?xml version="1.0" encoding="UTF-8" ?><nssrcmpr:PurchaseOrder xmlns:nssrcmpr="http://xmlns.oracle.com/ns/order"><nssrcmpr:CustID>400</nssrcmpr:CustID><nssrcmpr:ID>400</nssrcmpr:ID><nssrcmpr:productName>HP</nssrcmpr:productName><nssrcmpr:itemType>Laptop</nssrcmpr:itemType><nssrcmpr:price>700</nssrcmpr:price><nssrcmpr:quantity>2</nssrcmpr:quantity><nssrcmpr:status>Approved</nssrcmpr:status><nssrcmpr:ccType>visa</nssrcmpr:ccType><nssrcmpr:ccNumber>1234-1234-1234-1234</nssrcmpr:ccNumber></nssrcmpr:PurchaseOrder>