<?xml version="1.0" encoding="UTF-8" ?><nssrcmpr:PurchaseOrder xmlns:nssrcmpr="http://xmlns.oracle.com/ns/order"><nssrcmpr:CustID>500</nssrcmpr:CustID><nssrcmpr:ID>500</nssrcmpr:ID><nssrcmpr:productName>Lenovo</nssrcmpr:productName><nssrcmpr:itemType>Mobile</nssrcmpr:itemType><nssrcmpr:price>600</nssrcmpr:price><nssrcmpr:quantity>1</nssrcmpr:quantity><nssrcmpr:status>Auto-Approved</nssrcmpr:status><nssrcmpr:ccType>visa</nssrcmpr:ccType><nssrcmpr:ccNumber>4234-1234-1234-1234</nssrcmpr:ccNumber></nssrcmpr:PurchaseOrder>