<?xml version="1.0" encoding="UTF-8"?>
<!--Generated by Oracle BI Publisher -Dataengine, datamodel:_Custom_Financials_nnk_nnk_invoice_detail_nnk_invoiceDetail_DM_xdm -->
<DATA_DS>
	<P_AMOUNT>1000</P_AMOUNT>
	<P_SOURCE>ISP</P_SOURCE>
	<G_1>
		<INVOICE_ID>300000049373131</INVOICE_ID>
		<INVOICE_NUM>162034inv</INVOICE_NUM>
		<INVOICE_AMOUNT>830.01</INVOICE_AMOUNT>
		<INVOICE_DATE>2013-12-16</INVOICE_DATE>
		<SOURCE>ISP</SOURCE>
	</G_1>
	<G_1>
		<INVOICE_ID>300000049373136</INVOICE_ID>
		<INVOICE_NUM>JMK-Dec16-3324</INVOICE_NUM>
		<INVOICE_AMOUNT>219</INVOICE_AMOUNT>
		<INVOICE_DATE>2013-12-16</INVOICE_DATE>
		<SOURCE>ISP</SOURCE>
	</G_1>
</DATA_DS>
