<soap-env:Fault xmlns:soap-env="http://schemas.xmlsoap.org/soap/envelope/">
         <faultcode xmlns:soap="http://schemas.xmlsoap.org/soap/envelope/">soap:Server</faultcode>
         <faultstring>ICS runtime execution error</faultstring>
         <detail>
            <reason>
			<![CDATA[faultName: 
			{
				{
					http://schemas.oracle.com/bpel/extension}remoteFault
				}
				messageType: 
				{
					{
						http://www.oracle.com/2014/03/ics/fault}faultMessage
					}
					parts: 
					{
						{
							parameters=
							<fault xmlns="http://www.oracle.com/2014/03/ics/fault">
								<errorCode>409</errorCode>
								<reason>Credit card number not found</reason>
								<details>Credit card number not found with this input</details>
							</fault>
						}
						]
				]>
			</reason>
            <operation>validate</operation>
            <request_payload/>
         </detail>
      </soap-env:Fault>
