<root>
   <items>
      <element>
         <BusinessRelationship>Spend Authorized</BusinessRelationship>
         <BusinessRelationshipCode>SPEND_AUTHORIZED</BusinessRelationshipCode>
         <CreationDate>2013-11-07T20:14:36.428+00:00</CreationDate>
         <Status>ACTIVE</Status>
         <Supplier>Lee Supplies</Supplier>
         <SupplierId>300000047414503</SupplierId>
         <SupplierNumber>1252</SupplierNumber>
         <SupplierPartyId>300000047414501</SupplierPartyId>
         <SupplierType null="true" />
         <SupplierTypeCode null="true" />
         <TaxOrganizationType>Corporation</TaxOrganizationType>
         <TaxOrganizationTypeCode>CORPORATION</TaxOrganizationTypeCode>
      </element>
      <element>
         <BusinessRelationship>Spend Authorized</BusinessRelationship>
         <BusinessRelationshipCode>SPEND_AUTHORIZED</BusinessRelationshipCode>
         <CreationDate>2013-11-07T20:14:36.428+00:00</CreationDate>
         <Status>ACTIVE</Status>
         <Supplier>Lee Supplies11</Supplier>
         <SupplierId>300000047414501</SupplierId>
         <SupplierNumber>1253</SupplierNumber>
         <SupplierPartyId>300000047414501</SupplierPartyId>
         <SupplierType null="true" />
         <SupplierTypeCode null="true" />
         <TaxOrganizationType>Corporation</TaxOrganizationType>
         <TaxOrganizationTypeCode>CORPORATION</TaxOrganizationTypeCode>
      </element>
   </items>
</root>
COPY TO CLIPBOARD SELECT ALL