<?xml version="1.0" encoding="UTF-8" ?>
<PurchaseOrderSet>
	<PurchaseOrder>
		<CustID>300</CustID>
		<ID>300</ID>
		<productName>Lenovo</productName>
		<itemType>Mobile</itemType><price>600</price>
		<quantity>1</quantity>
		<status>Auto-Approved</status>
		<ccType>visa</ccType>
		<ccNumber>4234-1234-1234-1234</ccNumber>
	</PurchaseOrder>
	<PurchaseOrder>
		<CustID>400</CustID>
		<ID>400</ID>
		<productName>Lenovo</productName>
		<itemType>Mobile</itemType><price>600</price>
		<quantity>1</quantity>
		<status>Auto-Approved</status>
		<ccType>visa</ccType>
		<ccNumber>4234-1234-1234-1234</ccNumber>
	</PurchaseOrder>
<PurchaseOrderSet>	


